model,accuracy,cv_mean,cv_std
Random Forest,0.8,0.8958333333333334,0.02946278254943948
SVM,0.4666666666666667,0.5625,0.08838834764831845
KNN,0.4,0.5,0.10206207261596575
